date,pv_kwh,school_consumption_kwh,grid_feed_in_kwh,battery_charged_kwh
2026-08-19,612,0,540,72
2026-08-20,948,118,702,128
2026-08-21,1004,121,745,138
2026-08-22,655,96,470,89
2026-08-23,402,60,290,52
2026-08-24,877,115,640,122
2026-08-25,991,124,731,136
2026-08-26,1032,126,764,142
2026-08-27,1061,129,788,144
2026-08-28,812,110,590,112
2026-08-29,544,80,395,69
2026-08-30,931,112,690,129
2026-08-31,968,119,715,134
2026-09-01,902,117,661,124
2026-09-02,715,102,518,95
2026-09-03,488,74,351,63
2026-09-04,866,113,634,119
2026-09-05,897,115,657,125
2026-09-06,823,108,601,114
2026-09-07,855,402,283,170
2026-09-08,839,411,262,166
2026-09-09,596,355,118,123
2026-09-10,781,398,222,161
2026-09-11,802,405,234,163
2026-09-12,744,98,541,105
2026-09-13,698,93,507,98
2026-09-14,772,399,212,161
