participant_id,block_order,condition,set,task_id
P01,0,wiki_chat,A,q28
P01,1,wiki_chat,A,q35
P01,2,wiki_chat,A,q46
P01,3,wiki_chat,A,q48
P01,4,wiki_chat,A,q50
P01,5,wiki_chat,A,q07
P01,6,plain_search,B,q01
P01,7,plain_search,B,q42
P01,8,plain_search,B,q44
P01,9,plain_search,B,q51
P01,10,plain_search,B,q14
P01,11,plain_search,B,q21
P02,0,plain_search,B,q51
P02,1,plain_search,B,q21
P02,2,plain_search,B,q42
P02,3,plain_search,B,q14
P02,4,plain_search,B,q44
P02,5,plain_search,B,q01
P02,6,wiki_chat,A,q50
P02,7,wiki_chat,A,q48
P02,8,wiki_chat,A,q07
P02,9,wiki_chat,A,q46
P02,10,wiki_chat,A,q35
P02,11,wiki_chat,A,q28
P03,0,wiki_chat,B,q21
P03,1,wiki_chat,B,q01
P03,2,wiki_chat,B,q44
P03,3,wiki_chat,B,q14
P03,4,wiki_chat,B,q42
P03,5,wiki_chat,B,q51
P03,6,plain_search,A,q46
P03,7,plain_search,A,q48
P03,8,plain_search,A,q28
P03,9,plain_search,A,q50
P03,10,plain_search,A,q07
P03,11,plain_search,A,q35
P04,0,plain_search,A,q48
P04,1,plain_search,A,q46
P04,2,plain_search,A,q35
P04,3,plain_search,A,q50
P04,4,plain_search,A,q07
P04,5,plain_search,A,q28
P04,6,wiki_chat,B,q14
P04,7,wiki_chat,B,q44
P04,8,wiki_chat,B,q21
P04,9,wiki_chat,B,q51
P04,10,wiki_chat,B,q01
P04,11,wiki_chat,B,q42
P05,0,wiki_chat,A,q35
P05,1,wiki_chat,A,q28
P05,2,wiki_chat,A,q46
P05,3,wiki_chat,A,q07
P05,4,wiki_chat,A,q48
P05,5,wiki_chat,A,q50
P05,6,plain_search,B,q44
P05,7,plain_search,B,q01
P05,8,plain_search,B,q21
P05,9,plain_search,B,q42
P05,10,plain_search,B,q14
P05,11,plain_search,B,q51
P06,0,plain_search,B,q01
P06,1,plain_search,B,q14
P06,2,plain_search,B,q42
P06,3,plain_search,B,q21
P06,4,plain_search,B,q51
P06,5,plain_search,B,q44
P06,6,wiki_chat,A,q50
P06,7,wiki_chat,A,q46
P06,8,wiki_chat,A,q48
P06,9,wiki_chat,A,q07
P06,10,wiki_chat,A,q28
P06,11,wiki_chat,A,q35
P07,0,wiki_chat,B,q21
P07,1,wiki_chat,B,q44
P07,2,wiki_chat,B,q51
P07,3,wiki_chat,B,q42
P07,4,wiki_chat,B,q14
P07,5,wiki_chat,B,q01
P07,6,plain_search,A,q07
P07,7,plain_search,A,q48
P07,8,plain_search,A,q50
P07,9,plain_search,A,q35
P07,10,plain_search,A,q46
P07,11,plain_search,A,q28
P08,0,plain_search,A,q46
P08,1,plain_search,A,q48
P08,2,plain_search,A,q50
P08,3,plain_search,A,q35
P08,4,plain_search,A,q07
P08,5,plain_search,A,q28
P08,6,wiki_chat,B,q21
P08,7,wiki_chat,B,q51
P08,8,wiki_chat,B,q42
P08,9,wiki_chat,B,q01
P08,10,wiki_chat,B,q44
P08,11,wiki_chat,B,q14
